{"Force Reward_0": 0, "_timestamp": 1676126743.331908, "_runtime": 70.14042901992798, "_step": 74, "Height Reward_0": 0, "Distance Reward_0": 0.21707652638951258, "Force Gripper_0": 10.815717101097107, "Step Reward_0": 0.21707652638951258, "Force Reward_1": 0, "Height Reward_1": 0, "Distance Reward_1": 0.09486750050547355, "Force Gripper_1": 22.534027576446533, "Step Reward_1": 0.09486750050547355, "Force Reward_2": 0, "Height Reward_2": 0, "Distance Reward_2": 0.0894085573463847, "Force Gripper_2": 22.064820528030396, "Step Reward_2": 0.0894085573463847, "Force Reward_3": 0, "Height Reward_3": 0, "Distance Reward_3": 0.11978982919677156, "Force Gripper_3": 23.35883903503418, "Step Reward_3": 0.11978982919677156, "Force Reward_4": 0, "Height Reward_4": 0, "Distance Reward_4": 0.2701774217302393, "Force Gripper_4": 13.919711530208588, "Step Reward_4": 0.2701774217302393}