{"Height Reward_0": 0, "_timestamp": 1697359782.044514, "_runtime": 205.44385695457458, "_step": 1536, "Distance Reward_0": 0.15027659737733662, "Gripper Reward_0": 0.022643239624932948, "Step Reward_0": 0.17291983700226957, "Height Reward_1": 0, "Distance Reward_1": 0.3312669822804681, "Gripper Reward_1": 0.07792673565046616, "Step Reward_1": 0.40919371793093423, "Height Reward_2": 0, "Distance Reward_2": 0.11939415386801838, "Gripper Reward_2": 0.09534762190643775, "Step Reward_2": 0.21474177577445613, "Height Reward_3": 0, "Distance Reward_3": 0.45475464123081105, "Gripper Reward_3": 0.2797487877037963, "Step Reward_3": 0.7345034289346073, "Height Reward_4": 0, "Distance Reward_4": 0.1751458946147463, "Gripper Reward_4": 0.03135643235371024, "Step Reward_4": 0.20650232696845655, "log probability": -4.776769161224365, "alpha": 0.9445939660072327, "alpha_loss": -0.5169214606285095, "loss_q_value_1": 57.859962463378906, "loss_q_value_2": 70.5244140625, "loss": -7.341944217681885, "episode reward every_5": 2.4558574249938636, "_wandb": {"runtime": 204}}