{"Force Reward_0": 0, "_timestamp": 1675693856.2356644, "_runtime": 62.17907738685608, "_step": 39, "Height Reward_0": 0, "Distance Reward_0": 8.118361676763617e-93, "Force Gripper_0": 20.928404331207275, "Step Reward_0": 8.118361676763617e-93, "Force Reward_1": 0, "Height Reward_1": 0, "Distance Reward_1": 8.525935302500088e-67, "Force Gripper_1": 4.84832239151001, "Step Reward_1": 8.525935302500088e-67, "Force Reward_2": 0, "Height Reward_2": 0, "Distance Reward_2": 9.91082208480989e-56, "Force Gripper_2": 4.175848960876465, "Step Reward_2": 9.91082208480989e-56, "Force Reward_3": 0, "Height Reward_3": 0, "Distance Reward_3": 3.5085345312395934e-62, "Force Gripper_3": 15.56628692150116, "Step Reward_3": 3.5085345312395934e-62, "Force Reward_4": 0, "Height Reward_4": 0, "Distance Reward_4": 5.48371738777514e-45, "Force Gripper_4": 16.04451012611389, "Step Reward_4": 5.48371738777514e-45}