{"Force Reward_0": 0, "_timestamp": 1678055672.0580888, "_runtime": 10.43933367729187, "_step": 4, "Height Reward_0": 0, "Distance Reward_0": 0.6559799456935074, "Force Gripper_0": 8.47930383682251, "Step Reward_0": 0.6559799456935074, "_wandb": {"runtime": 10}}