{"Force Reward_0": 0, "_timestamp": 1675314723.7053275, "_runtime": 42.260701417922974, "_step": 41, "Height Reward_0": 0, "Distance Reward_0": 0.10884433542340276, "Force Gripper_0": 5.503237724304199, "Step Reward_0": 0.10884433542340276, "alpha": 0.9973021149635315, "alpha_loss": -0.012139841914176941, "loss": -4.693515777587891}