{"Height Reward_0": 0, "_timestamp": 1697359417.49883, "_runtime": 3038.6089251041412, "_step": 25271, "Distance Reward_0": 0.08988233416835513, "Gripper Reward_0": 0.03667523087569719, "Step Reward_0": 0.12655756504405233, "Height Reward_1": 0, "Distance Reward_1": 0.05371725812992264, "Gripper Reward_1": 0.04459219120823354, "Step Reward_1": 0.09830944933815618, "Height Reward_2": 0, "Distance Reward_2": 0.04473805217259901, "Gripper Reward_2": 0.0070405993140371026, "Step Reward_2": 0.051778651486636115, "Height Reward_3": 0, "Distance Reward_3": 0.04104021093080655, "Gripper Reward_3": 0.002802579544898781, "Step Reward_3": 0.04384279047570533, "Height Reward_4": 0, "Distance Reward_4": 0.04909921074561973, "Gripper Reward_4": 0.019179700385384132, "Step Reward_4": 0.06827891113100386, "log probability": -3.9942357540130615, "alpha": 0.328573077917099, "alpha_loss": -9.273469924926758, "loss_q_value_1": 140.31517028808594, "loss_q_value_2": 135.8243408203125, "loss": -18.443809509277344, "episode reward every_5": 1.07846544500496}