{"Force Reward_0": 0, "_timestamp": 1676129077.502952, "_runtime": 49.16044306755066, "_step": 44, "Height Reward_0": 0, "Distance Reward_0": 0.7453696349208203, "Force Gripper_0": 22.791974544525146, "Step Reward_0": 0.7453696349208203, "Force Reward_1": 0, "Height Reward_1": 0, "Distance Reward_1": 0.2643777068529425, "Force Gripper_1": 4.245715141296387, "Step Reward_1": 0.2643777068529425, "Force Reward_2": 0, "Height Reward_2": 0, "Distance Reward_2": 0.6908210257107693, "Force Gripper_2": 18.036896467208862, "Step Reward_2": 0.6908210257107693, "Force Reward_3": 0, "Height Reward_3": 0, "Distance Reward_3": 0.755113838746729, "Force Gripper_3": 5.220186710357666, "Step Reward_3": 0.755113838746729}