{"Force Reward_0": 0, "_timestamp": 1676127036.0530844, "_runtime": 40.33428335189819, "_step": 49, "Height Reward_0": 0, "Distance Reward_0": 0.5123693679553274, "Force Gripper_0": 17.370591044425964, "Step Reward_0": 0.5123693679553274, "Force Reward_1": 0, "Height Reward_1": 0, "Distance Reward_1": 0.13722132049570068, "Force Gripper_1": 12.49537467956543, "Step Reward_1": 0.13722132049570068, "Force Reward_2": 0, "Height Reward_2": 0, "Distance Reward_2": 0.19269006604701686, "Force Gripper_2": 10.492713153362274, "Step Reward_2": 0.19269006604701686, "Force Reward_3": 0, "Height Reward_3": 0, "Distance Reward_3": 0.19964719496533384, "Force Gripper_3": 7.838771224021912, "Step Reward_3": 0.19964719496533384, "Force Reward_4": 0, "Height Reward_4": 0, "Distance Reward_4": 0.34231194078532984, "Force Gripper_4": 7.589250683784485, "Step Reward_4": 0.34231194078532984}