{"alpha": 0.9276086091995239, "_timestamp": 1676558704.9021285, "_runtime": 272.6710033416748, "_step": 879, "alpha_loss": -0.41337499022483826, "loss": -4.4737114906311035, "Force Reward_0": 0, "Height Reward_0": 0, "Distance Reward_0": 0.20915998097027194, "Force Gripper_0": 16.019668579101562, "Step Reward_0": 0.20915998097027194, "Force Reward_1": 0, "Height Reward_1": 0, "Distance Reward_1": 0.10567334147133167, "Force Gripper_1": 14.775862455368042, "Step Reward_1": 0.10567334147133167, "Force Reward_2": 0, "Height Reward_2": 0, "Distance Reward_2": 0.06537717682260641, "Force Gripper_2": 22.616008758544922, "Step Reward_2": 0.06537717682260641, "episode reward every_5": -0.8785960692489798}