{"Force Reward_0": 0, "_timestamp": 1678043897.7149062, "_runtime": 139.68712520599365, "_step": 272, "Height Reward_0": 0, "Distance Reward_0": 0.6804065614841511, "Force Gripper_0": 22.705042362213135, "Step Reward_0": 0.6804065614841511, "Force Reward_1": 0, "Height Reward_1": 0, "Distance Reward_1": 0.4398140152904438, "Force Gripper_1": 22.911736249923706, "Step Reward_1": 0.4398140152904438, "Force Reward_2": 0, "Height Reward_2": 0, "Distance Reward_2": 0.7264172867152577, "Force Gripper_2": 21.616454601287842, "Step Reward_2": 0.7264172867152577, "Force Reward_3": 0, "Height Reward_3": 0, "Distance Reward_3": 0.7660331206193498, "Force Gripper_3": 4.541926860809326, "Step Reward_3": 0.7660331206193498, "Force Reward_4": 0, "Height Reward_4": 0, "Distance Reward_4": 0.6722196240282462, "Force Gripper_4": 6.288988351821899, "Step Reward_4": 0.6722196240282462, "alpha": 0.9892521500587463, "alpha_loss": -0.06477606296539307, "loss": -4.579471111297607, "episode reward every_5": 0.997101774991439}