{"Force Reward_0": 0, "_timestamp": 1675163724.7208347, "_runtime": 561.5622978210449, "_step": 720, "Height Reward_0": 0, "Distance Reward_0": 0.14240533799149924, "Force Gripper_0": 17.51875126361847, "Step Reward_0": 0.14240533799149924, "Force Reward_1": 0, "Height Reward_1": 0, "Distance Reward_1": 0.09670015909542928, "Force Gripper_1": 2.1483020782470703, "Step Reward_1": 0.09670015909542928, "Force Reward_2": 0, "Height Reward_2": 0, "Distance Reward_2": 0.039121188955743735, "Force Gripper_2": 16.060072660446167, "Step Reward_2": 0.039121188955743735, "Force Reward_3": 0, "Height Reward_3": 0, "Distance Reward_3": 0.04157142259417972, "Force Gripper_3": 23.438615798950195, "Step Reward_3": 0.04157142259417972, "Force Reward_4": 0, "Height Reward_4": 0, "Distance Reward_4": 0.042186954313316455, "Force Gripper_4": 2.9918360710144043, "Step Reward_4": 0.042186954313316455, "episode reward every_5": -0.409781827948554}