{"Force Reward_0": 0, "_timestamp": 1678055342.774382, "_runtime": 12.054757118225098, "_step": 4, "Height Reward_0": 0, "Distance Reward_0": 0.15521693867414424, "Force Gripper_0": 11.109585285186768, "Step Reward_0": 0.15521693867414424, "_wandb": {"runtime": 12}}