{"Force Reward_0": 0, "_timestamp": 1678053990.552016, "_runtime": 8.948437929153442, "_step": 4, "Height Reward_0": 0, "Distance Reward_0": 0.09028283441021825, "Force Gripper_0": 17.743070125579834, "Step Reward_0": 0.09028283441021825, "_wandb": {"runtime": 7}}