{"alpha": 0.9683232307434082, "_timestamp": 1675316683.6272087, "_runtime": 109.9478816986084, "_step": 431, "alpha_loss": -0.15693935751914978, "loss": -4.426743984222412, "Force Reward_0": 0, "Height Reward_0": 0, "Distance Reward_0": 0.3253260711849309, "Force Gripper_0": 1.6005005836486816, "Step Reward_0": 0.3253260711849309, "Force Reward_1": 0, "Height Reward_1": 0, "Distance Reward_1": 0.3596016014739485, "Force Gripper_1": 17.64824903011322, "Step Reward_1": 0.3596016014739485, "Force Reward_2": 0, "Height Reward_2": 0, "Distance Reward_2": 0.2617485626957092, "Force Gripper_2": 0.28355884552001953, "Step Reward_2": 0.2617485626957092, "Force Reward_3": 0, "Height Reward_3": 0, "Distance Reward_3": 0.30445920997896836, "Force Gripper_3": 14.272449016571045, "Step Reward_3": 0.30445920997896836, "Force Reward_4": 0, "Height Reward_4": 0, "Distance Reward_4": 0.2692839616735986, "Force Gripper_4": 17.24739146232605, "Step Reward_4": 0.2692839616735986, "episode reward every_5": -0.08803305058530726}