{"Force Reward_0": 0, "_timestamp": 1675697547.722371, "_runtime": 22.07262420654297, "_step": 34, "Height Reward_0": 0, "Distance Reward_0": 0.058758022201611665, "Force Gripper_0": 1.7560765743255615, "Step Reward_0": 0.058758022201611665, "Force Reward_1": 0, "Height Reward_1": 0, "Distance Reward_1": 0.05141175357946515, "Force Gripper_1": 3.0872726440429688, "Step Reward_1": 0.05141175357946515, "Force Reward_2": 0, "Height Reward_2": 0, "Distance Reward_2": 0.05714504368331513, "Force Gripper_2": 8.942606806755066, "Step Reward_2": 0.05714504368331513, "Force Reward_3": 0, "Height Reward_3": 0, "Distance Reward_3": 0.043640802967908066, "Force Gripper_3": 21.784728527069092, "Step Reward_3": 0.043640802967908066}