{"Force Reward_0": 0, "_timestamp": 1675697494.221603, "_runtime": 26.217782020568848, "_step": 29, "Height Reward_0": 0, "Distance Reward_0": 0.0563710807704281, "Force Gripper_0": 16.826569318771362, "Step Reward_0": 0.0563710807704281, "Force Reward_1": 0, "Height Reward_1": 0, "Distance Reward_1": 0.08674905290024187, "Force Gripper_1": 13.168682187795639, "Step Reward_1": 0.08674905290024187, "Force Reward_2": 0, "Height Reward_2": 0, "Distance Reward_2": 0.08155051345517725, "Force Gripper_2": 16.680965781211853, "Step Reward_2": 0.08155051345517725, "Force Reward_3": 0, "Height Reward_3": 0, "Distance Reward_3": 0.04369764376947448, "Force Gripper_3": 12.854317098855972, "Step Reward_3": 0.04369764376947448, "Force Reward_4": 0, "Height Reward_4": 0, "Distance Reward_4": 0.05684805758752039, "Force Gripper_4": 10.205749154090881, "Step Reward_4": 0.05684805758752039}