{"Force Reward_0": 0.5003213447635062, "_timestamp": 1675068389.115191, "_runtime": 147.77353501319885, "_step": 212, "Height Reward_0": 0.40293880085348727, "Distance Reward_0": 0.976303030359035, "Force Gripper_0": 11.992287725675851, "Step Reward_0": 1.8795631759760285, "Force Reward_1": 0.7662533521652222, "Height Reward_1": 0.4315037985121677, "Distance Reward_1": 0.9906276968411624, "Force Gripper_1": 5.609919548034668, "Step Reward_1": 2.1883848475185523, "Force Reward_2": 0, "Height Reward_2": 0, "Distance Reward_2": 0.14898210156283295, "Force Gripper_2": 1.766143798828125, "Step Reward_2": 0.14898210156283295, "Force Reward_3": 0, "Height Reward_3": 0, "Distance Reward_3": 0.3509143352143923, "Force Gripper_3": 3.61924409866333, "Step Reward_3": 0.3509143352143923, "Force Reward_4": 0, "Height Reward_4": 0, "Distance Reward_4": 0.3403455510717857, "Force Gripper_4": 20.640702724456787, "Step Reward_4": 0.3403455510717857, "episode reward every_5": 0.5661462896939848}