{"Force Reward_0": 0, "_timestamp": 1678096065.0728228, "_runtime": 11.454128742218018, "_step": 4, "Height Reward_0": 0, "Distance Reward_0": 0.35608503969817146, "Force Gripper_0": 10.671694278717041, "Step Reward_0": 0.35608503969817146, "_wandb": {"runtime": 14}}