{"alpha": 0.9931122660636902, "_timestamp": 1675315832.3510516, "_runtime": 11.963483572006226, "_step": 68, "alpha_loss": -0.03115294687449932, "loss": -4.332091808319092}