{"Force Reward_0": 0, "_timestamp": 1678055069.9226055, "_runtime": 7.879302501678467, "_step": 4, "Height Reward_0": 0, "Distance Reward_0": 0.2988832580496205, "Force Gripper_0": 15.811341762542725, "Step Reward_0": 0.2988832580496205, "_wandb": {"runtime": 8}}