{"Force Reward_0": 0, "_timestamp": 1676558159.0933256, "_runtime": 571.5525405406952, "_step": 2042, "Height Reward_0": 0, "Distance Reward_0": 0.061790298647770726, "Force Gripper_0": 16.50896644592285, "Step Reward_0": 0.061790298647770726, "Force Reward_1": 0, "Height Reward_1": 0, "Distance Reward_1": 0.048751980209222896, "Force Gripper_1": 4.284086465835571, "Step Reward_1": 0.048751980209222896, "Force Reward_2": 0, "Height Reward_2": 0, "Distance Reward_2": 0.0771258810567983, "Force Gripper_2": 13.370364546775818, "Step Reward_2": 0.0771258810567983, "episode reward every_5": -0.3932188257661816, "alpha": 0.8463901877403259, "alpha_loss": -0.8951658606529236, "loss": -7.250319004058838}