{"Force Reward_0": 0, "_timestamp": 1675315381.4830437, "_runtime": 156.5908327102661, "_step": 653, "Height Reward_0": 0, "Distance Reward_0": 0.13013607902874486, "Force Gripper_0": 6.117836952209473, "Step Reward_0": 0.13013607902874486, "Force Reward_1": 0, "Height Reward_1": 0, "Distance Reward_1": 0.1919491548837459, "Force Gripper_1": 13.559751391410828, "Step Reward_1": 0.1919491548837459, "Force Reward_2": 0, "Height Reward_2": 0, "Distance Reward_2": 0.10760789968083828, "Force Gripper_2": 21.315866231918335, "Step Reward_2": 0.10760789968083828, "Force Reward_3": 0, "Height Reward_3": 0, "Distance Reward_3": 0.40311095248176027, "Force Gripper_3": 15.379813313484192, "Step Reward_3": 0.40311095248176027, "alpha": 0.957568883895874, "alpha_loss": -0.2284460812807083, "loss": -4.745797634124756, "Force Reward_4": 0, "Height Reward_4": 0, "Distance Reward_4": 0.4968285389904944, "Force Gripper_4": 22.509410619735718, "Step Reward_4": 0.4968285389904944, "episode reward every_5": -0.6564338359730914}