{"Force Reward_0": 0, "_timestamp": 1678055813.5939338, "_runtime": 8.821333885192871, "_step": 4, "Height Reward_0": 0, "Distance Reward_0": 0.31813188809154447, "Force Gripper_0": 7.090764999389648, "Step Reward_0": 0.31813188809154447, "_wandb": {"runtime": 9}}