{"Force Reward_0": 0, "_timestamp": 1678055477.0413818, "_runtime": 9.18753695487976, "_step": 4, "Height Reward_0": 0, "Distance Reward_0": 0.20810653779123253, "Force Gripper_0": 0.4672207832336426, "Step Reward_0": 0.20810653779123253, "_wandb": {"runtime": 8}}