{"Force Reward_0": 0, "_timestamp": 1675313216.0437808, "_runtime": 145.2708957195282, "_step": 486, "Height Reward_0": 0, "Distance Reward_0": 0.35270000176206484, "Force Gripper_0": 17.014503479003906, "Step Reward_0": 0.35270000176206484, "Force Reward_1": 0, "Height Reward_1": 0, "Distance Reward_1": 0.3676015103816594, "Force Gripper_1": 7.772621154785156, "Step Reward_1": 0.3676015103816594, "Force Reward_2": 0, "Height Reward_2": 0, "Distance Reward_2": 0.08417676852668947, "Force Gripper_2": 4.079208612442017, "Step Reward_2": 0.08417676852668947, "Force Reward_3": 0, "Height Reward_3": 0, "Distance Reward_3": 0.09807988651037758, "Force Gripper_3": 10.909676849842072, "Step Reward_3": 0.09807988651037758, "Force Reward_4": 0, "Height Reward_4": 0, "Distance Reward_4": 0.11967318805129801, "Force Gripper_4": 14.060911238193512, "Step Reward_4": 0.11967318805129801, "alpha": 0.9690122008323669, "alpha_loss": -0.15812963247299194, "loss": -4.575878620147705, "episode reward every_5": -0.02913794483820966}