{"Force Reward_0": 0, "_timestamp": 1678054847.9511216, "_runtime": 9.27251648902893, "_step": 4, "Height Reward_0": 0, "Distance Reward_0": 0.0966680708900549, "Force Gripper_0": 1.4430012702941895, "Step Reward_0": 0.0966680708900549, "_wandb": {"runtime": 9}}