{"Force Reward_0": 0, "_timestamp": 1678099070.899484, "_runtime": 66.73051595687866, "_step": 24, "Height Reward_0": 0, "Distance Reward_0": 0.16270403207926915, "Force Gripper_0": 11.308712482452393, "Step Reward_0": 0.16270403207926915, "Force Reward_1": 0, "Height Reward_1": 0, "Distance Reward_1": 0.09055790133385948, "Force Gripper_1": 6.900751233100891, "Step Reward_1": 0.09055790133385948, "Force Reward_2": 0, "Height Reward_2": 0, "Distance Reward_2": 0.11091380955807294, "Force Gripper_2": 9.014982461929321, "Step Reward_2": 0.11091380955807294, "Force Reward_3": 0, "Height Reward_3": 0, "Distance Reward_3": 0.09701997237443298, "Force Gripper_3": 13.8627228140831, "Step Reward_3": 0.09701997237443298, "Force Reward_4": 0, "Height Reward_4": 0, "Distance Reward_4": 0.09993565131087433, "Force Gripper_4": 9.0698744058609, "Step Reward_4": 0.09993565131087433}