{"Force Reward_0": 0, "_timestamp": 1675170696.5291378, "_runtime": 111.70462393760681, "_step": 171, "Height Reward_0": 0, "Distance Reward_0": 0.04029616891918595, "Force Gripper_0": 7.257182478904724, "Step Reward_0": 0.04029616891918595, "Force Reward_1": 0, "Height Reward_1": 0, "Distance Reward_1": 0.135368577515455, "Force Gripper_1": 13.824644207954407, "Step Reward_1": 0.135368577515455, "Force Reward_2": 0, "Height Reward_2": 0, "Distance Reward_2": 0.04497603422983091, "Force Gripper_2": 7.980434417724609, "Step Reward_2": 0.04497603422983091, "Force Reward_3": 0, "Height Reward_3": 0, "Distance Reward_3": 0.04296924184400482, "Force Gripper_3": 16.061085104942322, "Step Reward_3": 0.04296924184400482, "Force Reward_4": 0, "Height Reward_4": 0, "Distance Reward_4": 0.044422850732369276, "Force Gripper_4": 12.508599981665611, "Step Reward_4": 0.044422850732369276, "episode reward every_5": -0.013847581186246627}