{"Force Reward_0": 0, "_timestamp": 1676130248.4492977, "_runtime": 124.51490759849548, "_step": 279, "Height Reward_0": 0, "Distance Reward_0": 0.10105998841806077, "Force Gripper_0": 4.27289342880249, "Step Reward_0": 0.10105998841806077, "Force Reward_1": 0, "Height Reward_1": 0, "Distance Reward_1": 0.05652302949836506, "Force Gripper_1": 17.875089526176453, "Step Reward_1": 0.05652302949836506, "Force Reward_2": 0, "Height Reward_2": 0, "Distance Reward_2": 0.09377369303495776, "Force Gripper_2": 6.845821380615234, "Step Reward_2": 0.09377369303495776, "Force Reward_3": 0, "Height Reward_3": 0, "Distance Reward_3": 0.06923185121547674, "Force Gripper_3": 17.865118503570557, "Step Reward_3": 0.06923185121547674, "Force Reward_4": 0, "Height Reward_4": 0, "Distance Reward_4": 0.18657576273425774, "Force Gripper_4": 14.624155461788177, "Step Reward_4": 0.18657576273425774, "episode reward every_5": -0.23303065749191793, "alpha": 0.985690176486969, "alpha_loss": -0.07210614532232285, "loss": -10.1491117477417}