{"alpha": 0.9570837616920471, "_timestamp": 1675316488.4851847, "_runtime": 158.82169556617737, "_step": 604, "alpha_loss": -0.22263804078102112, "loss": -4.556171417236328, "Force Reward_0": 0, "Height Reward_0": 0, "Distance Reward_0": 0.368070150322889, "Force Gripper_0": 21.531254053115845, "Step Reward_0": 0.368070150322889, "Force Reward_1": 0, "Height Reward_1": 0, "Distance Reward_1": 0.4528759517682656, "Force Gripper_1": 1.1282286643981934, "Step Reward_1": 0.4528759517682656, "Force Reward_2": 0, "Height Reward_2": 0, "Distance Reward_2": 0.16185140004971482, "Force Gripper_2": 1.477776288986206, "Step Reward_2": 0.16185140004971482, "Force Reward_3": 0, "Height Reward_3": 0, "Distance Reward_3": 0.49178209035997034, "Force Gripper_3": 16.33106803894043, "Step Reward_3": 0.49178209035997034, "Force Reward_4": 0, "Height Reward_4": 0, "Distance Reward_4": 0.2874083370835889, "Force Gripper_4": 7.835293650627136, "Step Reward_4": 0.2874083370835889, "episode reward every_5": 0.17148682578930088, "_wandb": {"runtime": 158}}