{"Force Reward_0": 0, "_timestamp": 1675697350.6366804, "_runtime": 77.60835838317871, "_step": 131, "Height Reward_0": 0, "Distance Reward_0": 0.05021913996929751, "Force Gripper_0": 16.644971251487732, "Step Reward_0": 0.05021913996929751, "Force Reward_1": 0, "Height Reward_1": 0, "Distance Reward_1": 0.11163830735666924, "Force Gripper_1": 18.8516263961792, "Step Reward_1": 0.11163830735666924, "Force Reward_2": 0, "Height Reward_2": 0, "Distance Reward_2": 0.04897070997495752, "Force Gripper_2": 5.662809133529663, "Step Reward_2": 0.04897070997495752, "Force Reward_3": 0, "Height Reward_3": 0, "Distance Reward_3": 0.034575179541923524, "Force Gripper_3": 21.02166223526001, "Step Reward_3": 0.034575179541923524, "Force Reward_4": 0, "Height Reward_4": 0, "Distance Reward_4": 0.03432512009635377, "Force Gripper_4": 7.488872051239014, "Step Reward_4": 0.03432512009635377, "episode reward every_5": -0.817595421940068, "alpha": 0.9957995414733887, "alpha_loss": -0.02020256035029888, "loss": -4.800864219665527}