{"Height Reward_0": 0, "_timestamp": 1697354228.6490047, "_runtime": 275.79278564453125, "_step": 2011, "Distance Reward_0": 0.9839501675545728, "Gripper Reward_0": 0.5518226042084351, "Step Reward_0": 1.5357727717630079, "Height Reward_1": 0.010366277599682672, "Distance Reward_1": 0.877873149712452, "Gripper Reward_1": 0.16237226170701988, "Step Reward_1": 1.0506116890191546, "Height Reward_2": 0, "Distance Reward_2": 0.4390379397596625, "Gripper Reward_2": 0.4280054642558455, "Step Reward_2": 0.867043404015508, "Height Reward_3": 0, "Distance Reward_3": 0.2164556254070001, "Gripper Reward_3": 0.19193375208536592, "Step Reward_3": 0.40838937749236603, "Height Reward_4": 0, "Distance Reward_4": 0.08567379751903563, "Gripper Reward_4": 0.06828432400990783, "Step Reward_4": 0.15395812152894345, "log probability": -4.754403114318848, "alpha": 0.9241323471069336, "alpha_loss": -0.7148198485374451, "loss_q_value_1": 81.00411987304688, "loss_q_value_2": 81.40420532226562, "loss": -9.86009407043457, "episode reward every_5": 0.9100341007345716}