{"Force Reward_0": 0, "_timestamp": 1675065901.790513, "_runtime": 89.42955493927002, "_step": 244, "Height Reward_0": 0, "Distance Reward_0": 0.30715566726039456, "Force Gripper_0": 5.720118284225464, "Step Reward_0": 0.30715566726039456, "Force Reward_1": 0, "Height Reward_1": 0, "Distance Reward_1": 0.5942372632066321, "Force Gripper_1": 3.557061195373535, "Step Reward_1": 0.5942372632066321, "Force Reward_2": 0, "Height Reward_2": 0, "Distance Reward_2": 0.545557008802049, "Force Gripper_2": 1.7827892303466797, "Step Reward_2": 0.545557008802049, "Force Reward_3": 0, "Height Reward_3": 0, "Distance Reward_3": 0.6509365220830431, "Force Gripper_3": 2.6175005435943604, "Step Reward_3": 0.6509365220830431, "Force Reward_4": 0, "Height Reward_4": 0, "Distance Reward_4": 0.5916331177955633, "Force Gripper_4": 9.169407069683075, "Step Reward_4": 0.5916331177955633, "_wandb": {"runtime": 88}}