{"Height Reward_0": 0, "_timestamp": 1697360493.1309566, "_runtime": 412.15548062324524, "_step": 3193, "Distance Reward_0": 0.12645633252247612, "Gripper Reward_0": 0.08712125203467895, "Step Reward_0": 0.2135775845571551, "Height Reward_1": 0, "Distance Reward_1": 0.0904158063958056, "Gripper Reward_1": 0.08264760042197992, "Step Reward_1": 0.17306340681778554, "Height Reward_2": 0, "Distance Reward_2": 0.11267262264991047, "Gripper Reward_2": 0.10619724377379533, "Step Reward_2": 0.21886986642370582, "Height Reward_3": 0, "Distance Reward_3": 0.09317684095711327, "Gripper Reward_3": 0.08190763118013673, "Step Reward_3": 0.17508447213725, "Height Reward_4": 0, "Distance Reward_4": 0.0663803919317644, "Gripper Reward_4": 0.04820571062101001, "Step Reward_4": 0.1145861025527744, "log probability": -4.844944000244141, "alpha": 0.8768672347068787, "alpha_loss": -1.2041435241699219, "loss_q_value_1": 92.7674789428711, "loss_q_value_2": 98.54362487792969, "loss": -11.38792896270752, "episode reward every_5": 0.8802578068352596}