{"Force Reward_0": 0, "_timestamp": 1675067853.0468125, "_runtime": 71.20234751701355, "_step": 110, "Height Reward_0": 0, "Distance Reward_0": 0.040768631450872866, "Force Gripper_0": 19.96903681755066, "Step Reward_0": 0.040768631450872866, "Force Reward_1": 0, "Height Reward_1": 0, "Distance Reward_1": 0.03686799914989402, "Force Gripper_1": 1.6976487636566162, "Step Reward_1": 0.03686799914989402, "Force Reward_2": 0, "Height Reward_2": 0, "Distance Reward_2": 0.03751962833117097, "Force Gripper_2": 11.789730794727802, "Step Reward_2": 0.03751962833117097, "Force Reward_3": 0, "Height Reward_3": 0, "Distance Reward_3": 0.038486254907225445, "Force Gripper_3": 8.294296145439148, "Step Reward_3": 0.038486254907225445, "Force Reward_4": 0, "Height Reward_4": 0, "Distance Reward_4": 0.038467321571034115, "Force Gripper_4": 1.632857322692871, "Step Reward_4": 0.038467321571034115, "episode reward every_5": -0.026077762522682273}