{"Force Reward_0": 0, "_timestamp": 1675067521.5790353, "_runtime": 21.19212818145752, "_step": 49, "Height Reward_0": 0, "Distance Reward_0": 0.12680136034381645, "Force Gripper_0": 14.697326123714447, "Step Reward_0": 0.12680136034381645, "Force Reward_1": 0, "Height Reward_1": 0, "Distance Reward_1": 0.08249227074316567, "Force Gripper_1": 22.593985319137573, "Step Reward_1": 0.08249227074316567, "Force Reward_2": 0, "Height Reward_2": 0, "Distance Reward_2": 0.08039575154314656, "Force Gripper_2": 20.423824310302734, "Step Reward_2": 0.08039575154314656, "Force Reward_3": 0, "Height Reward_3": 0, "Distance Reward_3": 0.13736007484646667, "Force Gripper_3": 16.343796014785767, "Step Reward_3": 0.13736007484646667, "Force Reward_4": 0, "Height Reward_4": 0, "Distance Reward_4": 0.14764564363197402, "Force Gripper_4": 16.73042607307434, "Step Reward_4": 0.14764564363197402}