{"alpha": 0.9896881580352783, "_timestamp": 1676558205.607901, "_runtime": 29.446644067764282, "_step": 109, "alpha_loss": -0.05573720484972, "loss": -4.780893325805664, "Force Reward_0": 0, "Height Reward_0": 0, "Distance Reward_0": 0.08079710419360364, "Force Gripper_0": 10.40533447265625, "Step Reward_0": 0.08079710419360364}