{"Force Reward_0": 0, "_timestamp": 1675312964.2916818, "_runtime": 45.4821138381958, "_step": 70, "Height Reward_0": 0, "Distance Reward_0": 0.10314721103488705, "Force Gripper_0": 15.385458827018738, "Step Reward_0": 0.10314721103488705, "Force Reward_1": 0, "Height Reward_1": 0, "Distance Reward_1": 0.14203605093230365, "Force Gripper_1": 14.10022509098053, "Step Reward_1": 0.14203605093230365, "Force Reward_2": 0, "Height Reward_2": 0, "Distance Reward_2": 0.07730418108869222, "Force Gripper_2": 18.348289489746094, "Step Reward_2": 0.07730418108869222, "Force Reward_3": 0, "Height Reward_3": 0, "Distance Reward_3": 0.06386147878747662, "Force Gripper_3": 10.7845518887043, "Step Reward_3": 0.06386147878747662, "Force Reward_4": 0, "Height Reward_4": 0, "Distance Reward_4": 0.04717168636860056, "Force Gripper_4": 4.843550205230713, "Step Reward_4": 0.04717168636860056, "alpha": 0.9964136481285095, "alpha_loss": -0.015913864597678185, "loss": -4.464666366577148}