{"Force Reward_0": 0, "_timestamp": 1675696040.3879855, "_runtime": 23.25714349746704, "_step": 24, "Height Reward_0": 0, "Distance Reward_0": 0.004816794041692431, "Force Gripper_0": 19.27892804145813, "Step Reward_0": 0.004816794041692431, "Force Reward_1": 0, "Height Reward_1": 0, "Distance Reward_1": 0.004416287793132175, "Force Gripper_1": 10.496603786945343, "Step Reward_1": 0.004416287793132175, "Force Reward_2": 0, "Height Reward_2": 0, "Distance Reward_2": 0.007586039259080567, "Force Gripper_2": 23.398143768310547, "Step Reward_2": 0.007586039259080567}