{"loss": 49.999755859375, "_timestamp": 1680241705.2110336, "_runtime": 106.72893047332764, "_step": 310}