{"Force Reward_0": 0, "_timestamp": 1676129307.2804434, "_runtime": 79.15991449356079, "_step": 70, "Height Reward_0": 0, "Distance Reward_0": 0.1796826363959442, "Force Gripper_0": 7.057216644287109, "Step Reward_0": 0.1796826363959442, "Force Reward_1": 0, "Height Reward_1": 0, "Distance Reward_1": 0.14881210990569735, "Force Gripper_1": 4.493194341659546, "Step Reward_1": 0.14881210990569735, "Force Reward_2": 0, "Height Reward_2": 0, "Distance Reward_2": 0.2564373861537981, "Force Gripper_2": 6.838706016540527, "Step Reward_2": 0.2564373861537981, "Force Reward_3": 0, "Height Reward_3": 0, "Distance Reward_3": 0.1415222447232744, "Force Gripper_3": 21.950300216674805, "Step Reward_3": 0.1415222447232744, "Force Reward_4": 0, "Height Reward_4": 0, "Distance Reward_4": 0.20637076474529512, "Force Gripper_4": 5.9747536182403564, "Step Reward_4": 0.20637076474529512, "episode reward every_5": -0.44100135157091946}