{"Force Reward_0": 0, "_timestamp": 1678096261.4978244, "_runtime": 8.876745462417603, "_step": 4, "Height Reward_0": 0, "Distance Reward_0": 0.2808773454062347, "Force Gripper_0": 3.6161112785339355, "Step Reward_0": 0.2808773454062347, "_wandb": {"runtime": 9}}