{"Height Reward_0": 0, "_timestamp": 1697356349.3371913, "_runtime": 966.7855162620544, "_step": 4103, "Distance Reward_0": 0.28399098475978624, "Gripper Reward_0": 0.23168507903496774, "Step Reward_0": 0.515676063794754, "Height Reward_1": 0, "Distance Reward_1": 0.14868237959190916, "Gripper Reward_1": 0.037578311881337055, "Step Reward_1": 0.18626069147324623, "Height Reward_2": 0, "Distance Reward_2": 0.08896151650962586, "Gripper Reward_2": 0.05887963619792841, "Step Reward_2": 0.14784115270755427, "Height Reward_3": 0, "Distance Reward_3": 0.10254754425477448, "Gripper Reward_3": 0.01289809865508777, "Step Reward_3": 0.11544564290986226, "Height Reward_4": 0, "Distance Reward_4": 0.061281595351133644, "Gripper Reward_4": 0.017847993764179396, "Step Reward_4": 0.07912958911531304, "log probability": -4.775505065917969, "alpha": 0.8425684571266174, "alpha_loss": -1.5587549209594727, "loss_q_value_1": 62.85393524169922, "loss_q_value_2": 64.92384338378906, "loss": -11.477378845214844, "episode reward every_5": 2.620282572223103}