{"Force Reward_0": 0, "_timestamp": 1675067591.6902847, "_runtime": 48.72798562049866, "_step": 60, "Height Reward_0": 0, "Distance Reward_0": 0.04235603347983113, "Force Gripper_0": 8.8719881772995, "Step Reward_0": 0.04235603347983113, "Force Reward_1": 0, "Height Reward_1": 0, "Distance Reward_1": 0.045076883597603964, "Force Gripper_1": 7.706706762313843, "Step Reward_1": 0.045076883597603964, "Force Reward_2": 0, "Height Reward_2": 0, "Distance Reward_2": 0.046702789597747534, "Force Gripper_2": 4.548757553100586, "Step Reward_2": 0.046702789597747534, "Force Reward_3": 0, "Height Reward_3": 0, "Distance Reward_3": 0.04952339366627375, "Force Gripper_3": 2.611294984817505, "Step Reward_3": 0.04952339366627375, "Force Reward_4": 0, "Height Reward_4": 0, "Distance Reward_4": 0.060641480219678634, "Force Gripper_4": 1.2852845191955566, "Step Reward_4": 0.060641480219678634, "episode reward every_5": -0.8017497727044033}