{"Force Reward_0": 0, "_timestamp": 1676477590.2675924, "_runtime": 196.0096733570099, "_step": 486, "Height Reward_0": 0, "Distance Reward_0": 0.4004349604972236, "Force Gripper_0": 16.91590905189514, "Step Reward_0": 0.4004349604972236, "Force Reward_1": 0, "Height Reward_1": 0, "Distance Reward_1": 0.6293147598477398, "Force Gripper_1": 3.9982481002807617, "Step Reward_1": 0.6293147598477398, "Force Reward_2": 0, "Height Reward_2": 0, "Distance Reward_2": 0.7038854226569244, "Force Gripper_2": 13.371464252471924, "Step Reward_2": 0.7038854226569244, "episode reward every_5": 0.5850089280565485, "alpha": 0.9713035225868225, "alpha_loss": -0.16178254783153534, "loss": -4.683780193328857}