{"Force Reward_0": 0, "_timestamp": 1676126876.976549, "_runtime": 51.49918079376221, "_step": 49, "Height Reward_0": 0, "Distance Reward_0": 0.088571110968934, "Force Gripper_0": 0.2564420700073242, "Step Reward_0": 0.088571110968934, "Force Reward_1": 0, "Height Reward_1": 0, "Distance Reward_1": 0.06163773404815611, "Force Gripper_1": 20.51571750640869, "Step Reward_1": 0.06163773404815611, "Force Reward_2": 0, "Height Reward_2": 0, "Distance Reward_2": 0.11821951482696667, "Force Gripper_2": 23.195188522338867, "Step Reward_2": 0.11821951482696667, "Force Reward_3": 0, "Height Reward_3": 0, "Distance Reward_3": 0.06574581350571812, "Force Gripper_3": 14.110627233982086, "Step Reward_3": 0.06574581350571812, "Force Reward_4": 0, "Height Reward_4": 0, "Distance Reward_4": 0.06365055502650777, "Force Gripper_4": 12.383742213249207, "Step Reward_4": 0.06365055502650777}