{"Force Reward_0": 0, "_timestamp": 1675931310.8899558, "_runtime": 99.3020498752594, "_step": 77, "Height Reward_0": 0, "Distance Reward_0": 0.167427221708716, "Force Gripper_0": 6.499749183654785, "Step Reward_0": 0.167427221708716, "Force Reward_1": 0, "Height Reward_1": 0, "Distance Reward_1": 0.14863064888970876, "Force Gripper_1": 5.631127595901489, "Step Reward_1": 0.14863064888970876, "Force Reward_2": 0, "Height Reward_2": 0, "Distance Reward_2": 0.12130566549921765, "Force Gripper_2": 10.355863094329834, "Step Reward_2": 0.12130566549921765, "Force Reward_3": 0, "Height Reward_3": 0, "Distance Reward_3": 0.11800309259015582, "Force Gripper_3": 19.940521001815796, "Step Reward_3": 0.11800309259015582, "Force Reward_4": 0, "Height Reward_4": 0, "Distance Reward_4": 0.07418319292783433, "Force Gripper_4": 10.208525598049164, "Step Reward_4": 0.07418319292783433, "episode reward every_5": -0.3117310886377236, "alpha": 0.9997000694274902, "alpha_loss": -0.0}