{"Force Reward_0": 0, "_timestamp": 1675314293.2323096, "_runtime": 12.944458484649658, "_step": 9, "Height Reward_0": 0, "Distance Reward_0": 0.12771793659997, "Force Gripper_0": 21.173895835876465, "Step Reward_0": 0.12771793659997, "Force Reward_1": 0, "Height Reward_1": 0, "Distance Reward_1": 0.07658195120725109, "Force Gripper_1": 16.591967940330505, "Step Reward_1": 0.07658195120725109}