{"alpha": 0.9940700531005859, "_timestamp": 1680241027.3002164, "_runtime": 154.63544535636902, "_step": 59, "alpha_loss": -0.03107190504670143, "loss": -4.77048397064209}