{"Force Reward_0": 0, "_timestamp": 1675314389.1205056, "_runtime": 31.94979166984558, "_step": 75, "Height Reward_0": 0, "Distance Reward_0": 0.12188623088540838, "Force Gripper_0": 17.32045555114746, "Step Reward_0": 0.12188623088540838, "Force Reward_1": 0, "Height Reward_1": 0, "Distance Reward_1": 0.08175203392409428, "Force Gripper_1": 15.162819027900696, "Step Reward_1": 0.08175203392409428, "Force Reward_2": 0, "Height Reward_2": 0, "Distance Reward_2": 0.12677270304939814, "Force Gripper_2": 1.4741435050964355, "Step Reward_2": 0.12677270304939814, "alpha": 0.996408224105835, "alpha_loss": -0.01676069013774395, "loss": -4.956104278564453, "Force Reward_3": 0, "Height Reward_3": 0, "Distance Reward_3": 0.13204601262562682, "Force Gripper_3": 7.894432067871094, "Step Reward_3": 0.13204601262562682, "Force Reward_4": 0, "Height Reward_4": 0, "Distance Reward_4": 0.09064533432001265, "Force Gripper_4": 1.654367208480835, "Step Reward_4": 0.09064533432001265}