{"Height Reward_0": 0, "_timestamp": 1681725515.592202, "_runtime": 25.971148014068604, "_step": 14, "Distance Reward_0": 0.0464279431544512, "Step Reward_0": 0.0464279431544512, "Height Reward_1": 0, "Distance Reward_1": 0.039089458020125804, "Step Reward_1": 0.039089458020125804, "Height Reward_2": 0, "Distance Reward_2": 0.07987867742890839, "Step Reward_2": 0.07987867742890839}