{"loss_q_value_1": 91.853271484375, "_timestamp": 1680242001.5473866, "_runtime": 190.501446723938, "_step": 627, "loss_q_value_2": 91.853271484375, "Height Reward_0": 0, "Distance Reward_0": 0.06997484572215062, "Step Reward_0": 0.06997484572215062, "Height Reward_1": 0, "Distance Reward_1": 0.12192687305844138, "Step Reward_1": 0.12192687305844138, "Height Reward_2": 0, "Distance Reward_2": 0.130929717336901, "Step Reward_2": 0.130929717336901, "alpha": 0.986096978187561, "alpha_loss": -0.08065150678157806, "loss": -5.114320755004883, "Height Reward_3": 0, "Distance Reward_3": 0.06481843004126192, "Step Reward_3": 0.06481843004126192, "Height Reward_4": 0, "Distance Reward_4": 0.05017805467577698, "Step Reward_4": 0.05017805467577698}