{"Force Reward_0": 0, "_timestamp": 1676128271.7499304, "_runtime": 48.90382647514343, "_step": 19, "Height Reward_0": 0, "Distance Reward_0": 0.19656148201010518, "Force Gripper_0": 23.493448734283447, "Step Reward_0": 0.19656148201010518, "Force Reward_1": 0, "Height Reward_1": 0, "Distance Reward_1": 0.20639965763807513, "Force Gripper_1": 2.40535569190979, "Step Reward_1": 0.20639965763807513, "Force Reward_2": 0, "Height Reward_2": 0, "Distance Reward_2": 0.17619164431394044, "Force Gripper_2": 3.0667777061462402, "Step Reward_2": 0.17619164431394044}