{"Force Reward_0": 0, "_timestamp": 1678054666.8998318, "_runtime": 17.04763674736023, "_step": 4, "Height Reward_0": 0, "Distance Reward_0": 0.09458154009460616, "Force Gripper_0": 12.231794357299805, "Step Reward_0": 0.09458154009460616, "_wandb": {"runtime": 18}}