{"Force Reward_0": 0, "_timestamp": 1675694923.3047833, "_runtime": 206.99068546295166, "_step": 4, "Height Reward_0": 0, "Distance Reward_0": 1.0268308241715759e-132, "Force Gripper_0": 5.106534004211426, "Step Reward_0": 1.0268308241715759e-132}