{"Force Reward_0": 0, "_timestamp": 1676131163.3070583, "_runtime": 42.77477240562439, "_step": 69, "Height Reward_0": 0, "Distance Reward_0": 0.20653999555576977, "Force Gripper_0": 5.7022504806518555, "Step Reward_0": 0.20653999555576977, "Force Reward_1": 0.3574875742197037, "Height Reward_1": 1.0468714572910662, "Distance Reward_1": 0.9999972631602586, "Force Gripper_1": 15.420298218727112, "Step Reward_1": 2.4043562946710284, "Force Reward_2": 0.027187228202819824, "Height Reward_2": 1.5703071859365991, "Distance Reward_2": 0.9999556542406375, "Force Gripper_2": 23.347506523132324, "Step Reward_2": 2.5974500683800565, "Force Reward_3": 0.030443459749221802, "Height Reward_3": 2.0, "Distance Reward_3": 0.9665985405271524, "Force Gripper_3": 23.269356966018677, "Step Reward_3": 2.997042000276374, "Force Reward_4": 0, "Height Reward_4": 0, "Distance Reward_4": 0.7550279829283486, "Force Gripper_4": 6.808249354362488, "Step Reward_4": 0.7550279829283486}