{"Force Reward_0": 0, "_timestamp": 1676129465.9377222, "_runtime": 21.74861717224121, "_step": 34, "Height Reward_0": 0, "Distance Reward_0": 0.2332372925944605, "Force Gripper_0": 0.37129855155944824, "Step Reward_0": 0.2332372925944605, "Force Reward_1": 0, "Height Reward_1": 0, "Distance Reward_1": 0.13982064204443978, "Force Gripper_1": 21.987489223480225, "Step Reward_1": 0.13982064204443978, "Force Reward_2": 0, "Height Reward_2": 0, "Distance Reward_2": 0.08511434498529653, "Force Gripper_2": 9.124143719673157, "Step Reward_2": 0.08511434498529653, "Force Reward_3": 0, "Height Reward_3": 0, "Distance Reward_3": 0.07361109224251192, "Force Gripper_3": 22.442314624786377, "Step Reward_3": 0.07361109224251192, "Force Reward_4": 0, "Height Reward_4": 0, "Distance Reward_4": 0.08614674524091448, "Force Gripper_4": 14.706644833087921, "Step Reward_4": 0.08614674524091448}