{"Force Reward_0": 0, "_timestamp": 1678096963.8920972, "_runtime": 31.547251224517822, "_step": 79, "Height Reward_0": 0, "Distance Reward_0": 0.10845339711838536, "Force Gripper_0": 14.691165089607239, "Step Reward_0": 0.10845339711838536, "Force Reward_1": 0, "Height Reward_1": 0, "Distance Reward_1": 0.12864303728256438, "Force Gripper_1": 0.1687467098236084, "Step Reward_1": 0.12864303728256438, "Force Reward_2": 0, "Height Reward_2": 0, "Distance Reward_2": 0.12710345344067595, "Force Gripper_2": 14.949356496334076, "Step Reward_2": 0.12710345344067595, "Force Reward_3": 0, "Height Reward_3": 0, "Distance Reward_3": 0.10587347973839845, "Force Gripper_3": 2.8529720306396484, "Step Reward_3": 0.10587347973839845, "Force Reward_4": 0, "Height Reward_4": 0, "Distance Reward_4": 0.15003189648485604, "Force Gripper_4": 10.017301797866821, "Step Reward_4": 0.15003189648485604}