{"Force Reward_0": 0, "_timestamp": 1675068073.0426073, "_runtime": 95.07315826416016, "_step": 145, "Height Reward_0": 0, "Distance Reward_0": 0.04126943209593492, "Force Gripper_0": 22.68374490737915, "Step Reward_0": 0.04126943209593492, "Force Reward_1": 0, "Height Reward_1": 0, "Distance Reward_1": 0.039762784997458965, "Force Gripper_1": 1.862870693206787, "Step Reward_1": 0.039762784997458965, "Force Reward_2": 0, "Height Reward_2": 0, "Distance Reward_2": 0.03948952276642999, "Force Gripper_2": 0.28460097312927246, "Step Reward_2": 0.03948952276642999, "Force Reward_3": 0, "Height Reward_3": 0, "Distance Reward_3": 0.039215825930870564, "Force Gripper_3": 7.457210183143616, "Step Reward_3": 0.039215825930870564, "Force Reward_4": 0, "Height Reward_4": 0, "Distance Reward_4": 0.038216130771192354, "Force Gripper_4": 11.405958160758018, "Step Reward_4": 0.038216130771192354, "episode reward every_5": -0.06090613034198274}