{"Force Reward_0": 0, "_timestamp": 1675695111.454455, "_runtime": 21.82105779647827, "_step": 14, "Height Reward_0": 0, "Distance Reward_0": 6.307110626398847e-93, "Force Gripper_0": 12.976246029138565, "Step Reward_0": 6.307110626398847e-93, "Force Reward_1": 0, "Height Reward_1": 0, "Distance Reward_1": 6.1278604763024784e-77, "Force Gripper_1": 17.988062381744385, "Step Reward_1": 6.1278604763024784e-77, "Force Reward_2": 0, "Height Reward_2": 0, "Distance Reward_2": 5.133061617352571e-64, "Force Gripper_2": 2.2391552925109863, "Step Reward_2": 5.133061617352571e-64}