{"Force Reward_0": 0, "_timestamp": 1675313431.4332218, "_runtime": 22.926044702529907, "_step": 14, "Height Reward_0": 0, "Distance Reward_0": 0.0928578157462322, "Force Gripper_0": 23.549201488494873, "Step Reward_0": 0.0928578157462322, "Force Reward_1": 0, "Height Reward_1": 0, "Distance Reward_1": 0.06419505224331262, "Force Gripper_1": 8.608583092689514, "Step Reward_1": 0.06419505224331262}