{"Force Reward_0": 0, "_timestamp": 1678055775.4892092, "_runtime": 8.837375164031982, "_step": 4, "Height Reward_0": 0, "Distance Reward_0": 0.10925469062134376, "Force Gripper_0": 3.8184356689453125, "Step Reward_0": 0.10925469062134376, "_wandb": {"runtime": 8}}