{"Force Reward_0": 0, "_timestamp": 1676131770.6816092, "_runtime": 244.00684523582458, "_step": 492, "Height Reward_0": 0, "Distance Reward_0": 0.33710614035120456, "Force Gripper_0": 19.159222841262817, "Step Reward_0": 0.33710614035120456, "Force Reward_1": 0, "Height Reward_1": 0, "Distance Reward_1": 0.13654481158804352, "Force Gripper_1": 0.3690805435180664, "Step Reward_1": 0.13654481158804352, "Force Reward_2": 0, "Height Reward_2": 0, "Distance Reward_2": 0.398724377546614, "Force Gripper_2": 14.911062240600586, "Step Reward_2": 0.398724377546614, "Force Reward_3": 0, "Height Reward_3": 0, "Distance Reward_3": 0.32555340127428006, "Force Gripper_3": 11.540609702467918, "Step Reward_3": 0.32555340127428006, "Force Reward_4": 0, "Height Reward_4": 0, "Distance Reward_4": 0.10638745392785252, "Force Gripper_4": 7.545129776000977, "Step Reward_4": 0.10638745392785252, "episode reward every_5": 0.1380296326525508, "alpha": 0.9721492528915405, "alpha_loss": -0.14234402775764465, "loss": -4.748807907104492}