{"Height Reward_0": 0, "_timestamp": 1697354924.7817056, "_runtime": 65.36003255844116, "_step": 235, "Distance Reward_0": 0.2969776976012403, "Gripper Reward_0": 0.2776028030763925, "Step Reward_0": 0.5745805006776328, "Height Reward_1": 0, "Distance Reward_1": 0.10068867679412782, "Gripper Reward_1": 0.08277239660190469, "Step Reward_1": 0.18346107339603251, "Height Reward_2": 0, "Distance Reward_2": 0.13244781118915858, "Gripper Reward_2": 0.05004100868761852, "Step Reward_2": 0.1824888198767771, "Height Reward_3": 0, "Distance Reward_3": 0.05724987527707925, "Gripper Reward_3": 0.05513538004649723, "Step Reward_3": 0.11238525532357647, "Height Reward_4": 0, "Distance Reward_4": 0.05863840118678703, "Gripper Reward_4": 0.010922361701676027, "Step Reward_4": 0.06956076288846305, "_wandb": {"runtime": 64}}