{"Force Reward_0": 0, "_timestamp": 1678053204.5963764, "_runtime": 133.65832138061523, "_step": 4, "Height Reward_0": 0, "Distance Reward_0": 0.23638077471701097, "Force Gripper_0": 23.503704071044922, "Step Reward_0": 0.23638077471701097, "_wandb": {"runtime": 132}}