{"Force Reward_0": 0, "_timestamp": 1675695918.546101, "_runtime": 30.98954200744629, "_step": 39, "Height Reward_0": 0, "Distance Reward_0": 0.0039507037466124184, "Force Gripper_0": 13.026948094367981, "Step Reward_0": 0.0039507037466124184, "Force Reward_1": 0, "Height Reward_1": 0, "Distance Reward_1": 0.0027904611804520077, "Force Gripper_1": 2.828433036804199, "Step Reward_1": 0.0027904611804520077, "Force Reward_2": 0, "Height Reward_2": 0, "Distance Reward_2": 0.004674895136469913, "Force Gripper_2": 20.47977304458618, "Step Reward_2": 0.004674895136469913, "Force Reward_3": 0, "Height Reward_3": 0, "Distance Reward_3": 0.004827934081154364, "Force Gripper_3": 11.593987002968788, "Step Reward_3": 0.004827934081154364, "Force Reward_4": 0, "Height Reward_4": 0, "Distance Reward_4": 0.006797192803834697, "Force Gripper_4": 18.947702407836914, "Step Reward_4": 0.006797192803834697}