{"Force Reward_0": 0, "_timestamp": 1675314143.733794, "_runtime": 24.86008596420288, "_step": 14, "Height Reward_0": 0, "Distance Reward_0": 0.09327975027251119, "Force Gripper_0": 3.307748794555664, "Step Reward_0": 0.09327975027251119}