{"Force Reward_0": 0, "_timestamp": 1675697063.2637513, "_runtime": 69.0114483833313, "_step": 130, "Height Reward_0": 0, "Distance Reward_0": 0.033521107399593894, "Force Gripper_0": 3.8438801765441895, "Step Reward_0": 0.033521107399593894, "Force Reward_1": 0, "Height Reward_1": 0, "Distance Reward_1": 0.03322339934411118, "Force Gripper_1": 12.381718173623085, "Step Reward_1": 0.03322339934411118, "Force Reward_2": 0, "Height Reward_2": 0, "Distance Reward_2": 0.03732036750875875, "Force Gripper_2": 2.0870347023010254, "Step Reward_2": 0.03732036750875875, "Force Reward_3": 0, "Height Reward_3": 0, "Distance Reward_3": 0.0344913558802175, "Force Gripper_3": 5.352050542831421, "Step Reward_3": 0.0344913558802175, "Force Reward_4": 0, "Height Reward_4": 0, "Distance Reward_4": 0.03372698020819545, "Force Gripper_4": 2.88472580909729, "Step Reward_4": 0.03372698020819545, "alpha": 0.9964077472686768, "alpha_loss": -0.016586704179644585, "loss": -5.360881328582764, "episode reward every_5": -0.5857985100967404}