{"Force Reward_0": 0, "_timestamp": 1675065974.8505912, "_runtime": 48.1558952331543, "_step": 114, "Height Reward_0": 0, "Distance Reward_0": 0.40070139622882084, "Force Gripper_0": 5.485260486602783, "Step Reward_0": 0.40070139622882084, "Force Reward_1": 0, "Height Reward_1": 0, "Distance Reward_1": 0.5002865895195049, "Force Gripper_1": 19.79034662246704, "Step Reward_1": 0.5002865895195049, "Force Reward_2": 0, "Height Reward_2": 0, "Distance Reward_2": 0.3560491597007478, "Force Gripper_2": 3.051595687866211, "Step Reward_2": 0.3560491597007478, "Force Reward_3": 0, "Height Reward_3": 0, "Distance Reward_3": 0.3261848350496798, "Force Gripper_3": 7.603190660476685, "Step Reward_3": 0.3261848350496798, "Force Reward_4": 0, "Height Reward_4": 0, "Distance Reward_4": 0.11526457020474995, "Force Gripper_4": 1.8416433334350586, "Step Reward_4": 0.11526457020474995}