{"Force Reward_0": 0, "_timestamp": 1676388158.0107002, "_runtime": 675.2497823238373, "_step": 1120, "Height Reward_0": 0, "Distance Reward_0": 0.09778099770272602, "Force Gripper_0": 10.306481122970581, "Step Reward_0": 0.09778099770272602, "Force Reward_1": 0, "Height Reward_1": 0, "Distance Reward_1": 0.10512997412746887, "Force Gripper_1": 8.719722032546997, "Step Reward_1": 0.10512997412746887, "Force Reward_2": 0, "Height Reward_2": 0, "Distance Reward_2": 0.10848483584183095, "Force Gripper_2": 3.4606826305389404, "Step Reward_2": 0.10848483584183095, "Force Reward_3": 0, "Height Reward_3": 0, "Distance Reward_3": 0.07699250930863276, "Force Gripper_3": 2.6938297748565674, "Step Reward_3": 0.07699250930863276, "Force Reward_4": 0, "Height Reward_4": 0, "Distance Reward_4": 0.2334046597829121, "Force Gripper_4": 21.839627981185913, "Step Reward_4": 0.2334046597829121, "alpha": 0.9245593547821045, "alpha_loss": -0.4271150529384613, "loss": -4.406567573547363, "episode reward every_5": 0.5438981402424072}