{"Force Reward_0": 0, "_timestamp": 1678096352.9849887, "_runtime": 10.259346723556519, "_step": 4, "Height Reward_0": 0, "Distance Reward_0": 0.2025837054309834, "Force Gripper_0": 0.914729118347168, "Step Reward_0": 0.2025837054309834, "_wandb": {"runtime": 10}}