{"Height Reward_0": 0, "_timestamp": 1697355351.723325, "_runtime": 197.03932189941406, "_step": 1330, "Distance Reward_0": 0.20105673713218938, "Gripper Reward_0": 0.08304626574150147, "Step Reward_0": 0.28410300287369084, "Height Reward_1": 0, "Distance Reward_1": 0.2948051618924162, "Gripper Reward_1": 0.2722904960667506, "Step Reward_1": 0.5670956579591668, "Height Reward_2": 0, "Distance Reward_2": 0.14565376480562475, "Gripper Reward_2": 0.10244675076532886, "Step Reward_2": 0.2481005155709536, "Height Reward_3": 0, "Distance Reward_3": 0.2855529277240488, "Gripper Reward_3": 0.276084766766663, "Step Reward_3": 0.5616376944907118, "Height Reward_4": 0, "Distance Reward_4": 0.1621347329207457, "Gripper Reward_4": 0.15437921248194997, "Step Reward_4": 0.3165139454026957, "log probability": -4.765219688415527, "alpha": 0.9525620341300964, "alpha_loss": -0.43978244066238403, "loss_q_value_1": 58.72477340698242, "loss_q_value_2": 103.372802734375, "loss": -7.982276439666748, "episode reward every_5": 1.9272135984121395}