{"alpha": 0.9655648469924927, "_timestamp": 1676558386.5764892, "_runtime": 119.08869528770447, "_step": 430, "alpha_loss": -0.19457712769508362, "loss": -4.730982303619385, "Force Reward_0": 0, "Height Reward_0": 0, "Distance Reward_0": 0.10000330844160414, "Force Gripper_0": 15.321755290031433, "Step Reward_0": 0.10000330844160414, "Force Reward_1": 0, "Height Reward_1": 0, "Distance Reward_1": 0.08194775243598207, "Force Gripper_1": 7.1222755908966064, "Step Reward_1": 0.08194775243598207, "Force Reward_2": 0, "Height Reward_2": 0, "Distance Reward_2": 0.09261903410195257, "Force Gripper_2": 11.12840661406517, "Step Reward_2": 0.09261903410195257, "episode reward every_5": -0.4948624439740388}