{"Force Reward_0": 0, "_timestamp": 1675165532.6041973, "_runtime": 1289.8676483631134, "_step": 2031, "Height Reward_0": 0, "Distance Reward_0": 0.6628675771414905, "Force Gripper_0": 1.692704200744629, "Step Reward_0": 0.6628675771414905, "Force Reward_1": 0, "Height Reward_1": 0, "Distance Reward_1": 0.041487712172824605, "Force Gripper_1": 6.368818759918213, "Step Reward_1": 0.041487712172824605, "Force Reward_2": 0, "Height Reward_2": 0, "Distance Reward_2": 0.04001107066941634, "Force Gripper_2": 22.175382614135742, "Step Reward_2": 0.04001107066941634, "Force Reward_3": 0, "Height Reward_3": 0, "Distance Reward_3": 0.17051620858221014, "Force Gripper_3": 20.169909954071045, "Step Reward_3": 0.17051620858221014, "Force Reward_4": 0, "Height Reward_4": 0, "Distance Reward_4": 0.23860771406421616, "Force Gripper_4": 4.374642848968506, "Step Reward_4": 0.23860771406421616, "episode reward every_5": 0.32634671539577453}