{"Force Reward_0": 0, "_timestamp": 1676131037.5812912, "_runtime": 10.204760313034058, "_step": 14, "Height Reward_0": 0, "Distance Reward_0": 0.7935432209425346, "Force Gripper_0": 1.359931468963623, "Step Reward_0": 0.7935432209425346, "Force Reward_1": 0.4021295830607414, "Height Reward_1": 0.8914738848789567, "Distance Reward_1": 1.0, "Force Gripper_1": 14.348890006542206, "Step Reward_1": 2.293603467939698, "Force Reward_2": 0.8978368639945984, "Height Reward_2": 1.3372108273184353, "Distance Reward_2": 0.9998147541717428, "Force Gripper_2": 2.4519152641296387, "Step Reward_2": 3.2348624454847767, "_wandb": {"runtime": 11}}