{"alpha": 0.8815893530845642, "_timestamp": 1675227005.598607, "_runtime": 475.51818895339966, "_step": 1864, "alpha_loss": -0.6448774337768555, "loss": -4.1255106925964355, "Force Reward_0": 0, "Height Reward_0": 0, "Distance Reward_0": 0.041641609869941684, "Force Gripper_0": 19.822470903396606, "Step Reward_0": 0.041641609869941684, "Force Reward_1": 0, "Height Reward_1": 0, "Distance Reward_1": 0.039462627577397026, "Force Gripper_1": 2.572985887527466, "Step Reward_1": 0.039462627577397026, "Force Reward_2": 0, "Height Reward_2": 0, "Distance Reward_2": 0.04007597826280752, "Force Gripper_2": 15.918460965156555, "Step Reward_2": 0.04007597826280752, "Force Reward_3": 0, "Height Reward_3": 0, "Distance Reward_3": 0.038228485858241096, "Force Gripper_3": 5.0626466274261475, "Step Reward_3": 0.038228485858241096, "Force Reward_4": 0, "Height Reward_4": 0, "Distance Reward_4": 0.18347121300893446, "Force Gripper_4": 4.147726535797119, "Step Reward_4": 0.18347121300893446, "episode reward every_5": 0.6861451806049859}