{"Force Reward_0": 0, "_timestamp": 1675937629.3791735, "_runtime": 47.42714762687683, "_step": 34, "Height Reward_0": 0, "Distance Reward_0": 0.059018190133268755, "Force Gripper_0": 3.5492734909057617, "Step Reward_0": 0.059018190133268755, "Force Reward_1": 0, "Height Reward_1": 0, "Distance Reward_1": 0.06883444364924622, "Force Gripper_1": 19.058221578598022, "Step Reward_1": 0.06883444364924622, "Force Reward_2": 0, "Height Reward_2": 0, "Distance Reward_2": 0.40986299073159305, "Force Gripper_2": 6.989506244659424, "Step Reward_2": 0.40986299073159305, "Force Reward_3": 0, "Height Reward_3": 0, "Distance Reward_3": 0.31833626949692345, "Force Gripper_3": 20.4349308013916, "Step Reward_3": 0.31833626949692345, "Force Reward_4": 0, "Height Reward_4": 0, "Distance Reward_4": 0.4284770985511744, "Force Gripper_4": 22.37674570083618, "Step Reward_4": 0.4284770985511744}