{"Force Reward_0": 0, "_timestamp": 1676129806.0406015, "_runtime": 59.389568567276, "_step": 59, "Height Reward_0": 0, "Distance Reward_0": 0.20886782085379646, "Force Gripper_0": 20.505308389663696, "Step Reward_0": 0.20886782085379646, "Force Reward_1": 0, "Height Reward_1": 0, "Distance Reward_1": 0.23982618339837117, "Force Gripper_1": 21.16823387145996, "Step Reward_1": 0.23982618339837117, "Force Reward_2": 0, "Height Reward_2": 0, "Distance Reward_2": 0.3500227229861374, "Force Gripper_2": 0.27182435989379883, "Step Reward_2": 0.3500227229861374, "Force Reward_3": 0, "Height Reward_3": 0, "Distance Reward_3": 0.11409068446509912, "Force Gripper_3": 22.60165786743164, "Step Reward_3": 0.11409068446509912}