{"Force Reward_0": 0, "_timestamp": 1675694035.1461737, "_runtime": 19.452136754989624, "_step": 9, "Height Reward_0": 0, "Distance Reward_0": 7.282783496246644e-124, "Force Gripper_0": 19.306062698364258, "Step Reward_0": 7.282783496246644e-124}