{"Force Reward_0": 0, "_timestamp": 1675694457.2270114, "_runtime": 24.4620623588562, "_step": 9, "Height Reward_0": 0, "Distance Reward_0": 1.3712948722295692e-89, "Force Gripper_0": 18.787187576293945, "Step Reward_0": 1.3712948722295692e-89, "Force Reward_1": 0, "Height Reward_1": 0, "Distance Reward_1": 8.822053168791644e-100, "Force Gripper_1": 23.498072862625122, "Step Reward_1": 8.822053168791644e-100}