{"Force Reward_0": 0, "_timestamp": 1678055728.1518307, "_runtime": 10.130725622177124, "_step": 4, "Height Reward_0": 0, "Distance Reward_0": 0.29976607075973266, "Force Gripper_0": 4.616957187652588, "Step Reward_0": 0.29976607075973266, "_wandb": {"runtime": 10}}