{"Force Reward_0": 0, "_timestamp": 1676477313.9248967, "_runtime": 51.68242168426514, "_step": 14, "Height Reward_0": 0, "Distance Reward_0": 0.22208151327120687, "Force Gripper_0": 18.227883338928223, "Step Reward_0": 0.22208151327120687, "Force Reward_1": 0, "Height Reward_1": 0, "Distance Reward_1": 0.14874635187841492, "Force Gripper_1": 16.709393978118896, "Step Reward_1": 0.14874635187841492, "Force Reward_2": 0, "Height Reward_2": 0, "Distance Reward_2": 0.14906376505547583, "Force Gripper_2": 17.63527750968933, "Step Reward_2": 0.14906376505547583}