{"Force Reward_0": 0.9592602252960205, "_timestamp": 1675695620.5480332, "_runtime": 70.61069130897522, "_step": 109, "Height Reward_0": 0.4297079758658357, "Distance Reward_0": 1.0, "Force Gripper_0": 0.9777545928955078, "Step Reward_0": 2.3889682011618563, "Force Reward_1": 0.9001072645187378, "Height Reward_1": 0.3822468674113811, "Distance Reward_1": 1.0, "Force Gripper_1": 2.397425651550293, "Step Reward_1": 2.282354131930119, "Force Reward_2": 0.5396439731121063, "Height Reward_2": 0.3822468674113811, "Distance Reward_2": 1.0, "Force Gripper_2": 11.048544645309448, "Step Reward_2": 1.9218908405234874, "Force Reward_3": 0.8568487763404846, "Height Reward_3": 0.3822468674113811, "Distance Reward_3": 1.0, "Force Gripper_3": 3.435629367828369, "Step Reward_3": 2.239095643751866, "Force Reward_4": 0.11705076694488525, "Height Reward_4": 0.503010800145635, "Distance Reward_4": 1.0, "Force Gripper_4": 21.190781593322754, "Step Reward_4": 1.6200615670905203, "alpha": 0.9979007244110107, "alpha_loss": -0.009079193696379662, "loss": -4.6133713722229, "_wandb": {"runtime": 70}}