{"Force Reward_0": 0, "_timestamp": 1678054790.8019953, "_runtime": 10.807413339614868, "_step": 4, "Height Reward_0": 0, "Distance Reward_0": 0.20475026048109743, "Force Gripper_0": 19.773789882659912, "Step Reward_0": 0.20475026048109743, "_wandb": {"runtime": 11}}