{"Force Reward_0": 0, "_timestamp": 1678054566.53094, "_runtime": 8.494050025939941, "_step": 4, "Height Reward_0": 0, "Distance Reward_0": 0.11076086921082318, "Force Gripper_0": 4.114292621612549, "Step Reward_0": 0.11076086921082318, "_wandb": {"runtime": 11}}