{"alpha": 0.9913288354873657, "_timestamp": 1675315638.2243004, "_runtime": 22.693507432937622, "_step": 86, "alpha_loss": -0.04377385228872299, "loss": -4.8132171630859375}