{"alpha": 0.9940180778503418, "_timestamp": 1675315958.218528, "_runtime": 9.31589412689209, "_step": 59, "alpha_loss": -0.028395801782608032, "loss": -4.602726936340332, "_wandb": {"runtime": 10}}