{"Height Reward_0": 0, "_timestamp": 1681725278.3321445, "_runtime": 11.312975406646729, "_step": 2, "Distance Reward_0": 0.09608675823611514, "Step Reward_0": 0.09608675823611514, "_wandb": {"runtime": 15}}