{"Force Reward_0": 0, "_timestamp": 1675314611.4024408, "_runtime": 89.55969667434692, "_step": 289, "Height Reward_0": 0, "Distance Reward_0": 0.3869407156925196, "Force Gripper_0": 22.830568313598633, "Step Reward_0": 0.3869407156925196, "Force Reward_1": 0, "Height Reward_1": 0, "Distance Reward_1": 0.2652630554581033, "Force Gripper_1": 20.822653770446777, "Step Reward_1": 0.2652630554581033, "Force Reward_2": 0, "Height Reward_2": 0, "Distance Reward_2": 0.19048659088629225, "Force Gripper_2": 16.044655680656433, "Step Reward_2": 0.19048659088629225, "Force Reward_3": 0, "Height Reward_3": 0, "Distance Reward_3": 0.17972583319656862, "Force Gripper_3": 20.510549068450928, "Step Reward_3": 0.17972583319656862, "Force Reward_4": 0, "Height Reward_4": 0, "Distance Reward_4": 0.19068065706525358, "Force Gripper_4": 15.676945209503174, "Step Reward_4": 0.19068065706525358, "alpha": 0.9812229871749878, "alpha_loss": -0.09293866157531738, "loss": -7.925378322601318, "episode reward every_5": 0.35363731367265017}