{"alpha": 0.9997000694274902, "_timestamp": 1675226213.2029903, "_runtime": 41.611555337905884, "_step": 1, "alpha_loss": -0.0}