{"Height Reward_0": 0, "_timestamp": 1697354721.4954464, "_runtime": 216.68397450447083, "_step": 247, "Distance Reward_0": 0.4832056769981137, "Gripper Reward_0": 0.2709507557542675, "Step Reward_0": 0.7541564327523812, "Height Reward_1": 0, "Distance Reward_1": 0.14733487280175642, "Gripper Reward_1": 0.005130471093152101, "Step Reward_1": 0.1524653438949085, "Height Reward_2": 0, "Distance Reward_2": 0.07482519171381224, "Gripper Reward_2": 0.027843258525638275, "Step Reward_2": 0.10266845023945052, "Height Reward_3": 0, "Distance Reward_3": 0.05171981369587103, "Gripper Reward_3": 0.04627296772916145, "Step Reward_3": 0.09799278142503248, "Height Reward_4": 0, "Distance Reward_4": 0.05274106004969387, "Gripper Reward_4": 0.033707620971719705, "Step Reward_4": 0.08644868102141358, "_wandb": {"runtime": 216}}