{"Force Reward_0": 0, "_timestamp": 1678096214.3533404, "_runtime": 13.379379272460938, "_step": 4, "Height Reward_0": 0, "Distance Reward_0": 0.09568005656298197, "Force Gripper_0": 12.380423069000244, "Step Reward_0": 0.09568005656298197, "_wandb": {"runtime": 18}}