{"Force Reward_0": 0, "_timestamp": 1675694560.9916582, "_runtime": 63.2514922618866, "_step": 85, "Height Reward_0": 0, "Distance Reward_0": 1.7225154719558276e-60, "Force Gripper_0": 17.97494065761566, "Step Reward_0": 1.7225154719558276e-60, "Force Reward_1": 0, "Height Reward_1": 0, "Distance Reward_1": 1.1085974327084721e-66, "Force Gripper_1": 15.804787516593933, "Step Reward_1": 1.1085974327084721e-66, "Force Reward_2": 0, "Height Reward_2": 0, "Distance Reward_2": 3.5619663053960565e-66, "Force Gripper_2": 19.89391565322876, "Step Reward_2": 3.5619663053960565e-66, "Force Reward_3": 0, "Height Reward_3": 0, "Distance Reward_3": 3.7562863333161264e-74, "Force Gripper_3": 9.151939630508423, "Step Reward_3": 3.7562863333161264e-74, "Force Reward_4": 0, "Height Reward_4": 0, "Distance Reward_4": 1.3446787374938873e-61, "Force Gripper_4": 15.78944456577301, "Step Reward_4": 1.3446787374938873e-61, "episode reward every_5": -0.6, "_wandb": {"runtime": 62}}