{"Force Reward_0": 0, "_timestamp": 1676557537.9812715, "_runtime": 97.93873739242554, "_step": 34, "Height Reward_0": 0, "Distance Reward_0": 0.09113253609405145, "Force Gripper_0": 3.750842571258545, "Step Reward_0": 0.09113253609405145, "Force Reward_1": 0, "Height Reward_1": 0, "Distance Reward_1": 0.10030597558134653, "Force Gripper_1": 5.349157333374023, "Step Reward_1": 0.10030597558134653, "Force Reward_2": 0, "Height Reward_2": 0, "Distance Reward_2": 0.12359433678940687, "Force Gripper_2": 19.94689679145813, "Step Reward_2": 0.12359433678940687}