{"Force Reward_0": 0, "_timestamp": 1675315091.0828943, "_runtime": 18.55826735496521, "_step": 14, "Height Reward_0": 0, "Distance Reward_0": 0.16148550044661897, "Force Gripper_0": 0.3131411075592041, "Step Reward_0": 0.16148550044661897, "Force Reward_1": 0, "Height Reward_1": 0, "Distance Reward_1": 0.1541869782952796, "Force Gripper_1": 12.235145039856434, "Step Reward_1": 0.1541869782952796, "Force Reward_2": 0, "Height Reward_2": 0, "Distance Reward_2": 0.23169301688545674, "Force Gripper_2": 9.723173975944519, "Step Reward_2": 0.23169301688545674}