{"Force Reward_0": 0, "_timestamp": 1675693754.12404, "_runtime": 53.7332808971405, "_step": 34, "Height Reward_0": 0, "Distance Reward_0": 6.457705411101345e-97, "Force Gripper_0": 4.686740398406982, "Step Reward_0": 6.457705411101345e-97, "Force Reward_1": 0, "Height Reward_1": 0, "Distance Reward_1": 6.406822013783606e-75, "Force Gripper_1": 22.402469873428345, "Step Reward_1": 6.406822013783606e-75, "Force Reward_2": 0, "Height Reward_2": 0, "Distance Reward_2": 6.363973813623318e-62, "Force Gripper_2": 21.5198335647583, "Step Reward_2": 6.363973813623318e-62, "Force Reward_3": 0, "Height Reward_3": 0, "Distance Reward_3": 3.6859558440519782e-62, "Force Gripper_3": 23.170149564743042, "Step Reward_3": 3.6859558440519782e-62, "Force Reward_4": 0, "Height Reward_4": 0, "Distance Reward_4": 3.4725909216508334e-54, "Force Gripper_4": 14.774091482162476, "Step Reward_4": 3.4725909216508334e-54}