{"Force Reward_0": 0, "_timestamp": 1676131431.667243, "_runtime": 43.02210998535156, "_step": 44, "Height Reward_0": 0, "Distance Reward_0": 0.1215384192862101, "Force Gripper_0": 5.37220573425293, "Step Reward_0": 0.1215384192862101, "Force Reward_1": 0, "Height Reward_1": 0, "Distance Reward_1": 0.06996199012492019, "Force Gripper_1": 6.085977673530579, "Step Reward_1": 0.06996199012492019, "Force Reward_2": 0, "Height Reward_2": 0, "Distance Reward_2": 0.09605307180758449, "Force Gripper_2": 7.526762366294861, "Step Reward_2": 0.09605307180758449, "Force Reward_3": 0, "Height Reward_3": 0, "Distance Reward_3": 0.11481716863348984, "Force Gripper_3": 6.149046063423157, "Step Reward_3": 0.11481716863348984, "Force Reward_4": 0, "Height Reward_4": 0, "Distance Reward_4": 0.06925034928060536, "Force Gripper_4": 21.54441261291504, "Step Reward_4": 0.06925034928060536}