{"Force Reward_0": 0, "_timestamp": 1678099224.4975283, "_runtime": 127.27184534072876, "_step": 245, "Height Reward_0": 0, "Distance Reward_0": 0.35751155954406133, "Force Gripper_0": 2.504045248031616, "Step Reward_0": 0.35751155954406133, "Force Reward_1": 0.8123646080493927, "Height Reward_1": 0, "Distance Reward_1": 0.8947064853018843, "Force Gripper_1": 4.503249406814575, "Step Reward_1": 1.707071093351277, "Force Reward_2": 0, "Height Reward_2": 0, "Distance Reward_2": 0.290260928628476, "Force Gripper_2": 20.434237718582153, "Step Reward_2": 0.290260928628476, "Force Reward_3": 0, "Height Reward_3": 0, "Distance Reward_3": 0.2151333053722956, "Force Gripper_3": 15.319088459014893, "Step Reward_3": 0.2151333053722956, "Force Reward_4": 0, "Height Reward_4": 0, "Distance Reward_4": 0.1122410987229323, "Force Gripper_4": 14.138579428195953, "Step Reward_4": 0.1122410987229323, "episode reward every_5": 0.8855209120371681, "_wandb": {"runtime": 132}}