{"Force Reward_0": 0, "_timestamp": 1675695756.4201407, "_runtime": 72.52507662773132, "_step": 39, "Height Reward_0": 0, "Distance Reward_0": 0.008674674217439116, "Force Gripper_0": 0.8156068325042725, "Step Reward_0": 0.008674674217439116, "Force Reward_1": 0, "Height Reward_1": 0, "Distance Reward_1": 0.00743712927714888, "Force Gripper_1": 5.82146430015564, "Step Reward_1": 0.00743712927714888, "Force Reward_2": 0, "Height Reward_2": 0, "Distance Reward_2": 0.006278046880627826, "Force Gripper_2": 16.706521153450012, "Step Reward_2": 0.006278046880627826, "Force Reward_3": 0, "Height Reward_3": 0, "Distance Reward_3": 0.0011617246766929467, "Force Gripper_3": 11.14640137553215, "Step Reward_3": 0.0011617246766929467, "Force Reward_4": 0, "Height Reward_4": 0, "Distance Reward_4": 0.005203350822871663, "Force Gripper_4": 8.05984890460968, "Step Reward_4": 0.005203350822871663}